patch_label,leak_baseline_db,leak_sh_square_db,leak_lfo_off_db
Dexed_01:00 Say Again.,0.0,0.0,0.0
Dexed_01:01 LAURIE,8.53903865814209,8.53903865814209,0.0
Dexed_01:02 Beatmehrdr,0.0,0.0,0.0
Dexed_01:03 PHAROH,0.0,0.0,0.0
Dexed_01:04 Chroma 5 \,0.0,0.0,0.0
Dexed_01:05 Lavitar  \,0.0,0.0,0.0
Dexed_01:06 SloSwl //\,0.0,0.0,0.0
Dexed_01:07 OB Genviv\,17.541500091552734,17.541500091552734,0.0
Dexed_01:08 SAW EM UP,17.606992721557617,17.606992721557617,0.0
Dexed_01:09 LFORez ++\,9.579465866088867,9.579465866088867,0.0
Dexed_01:10 ENCOUNTERS,0.0,0.0,0.0
Dexed_01:11 Thunder  3,0.0,0.0,0.0
Dexed_01:12 EchoEcho 3,0.0,0.0,0.0
Dexed_01:13 -ANALOG 1-,0.0,0.0,0.0
Dexed_01:14 P.ICE 25.1,7.901350975036621,7.901350975036621,0.0
Dexed_01:15 FLEXI    4,0.0,0.0,0.0
Dexed_01:16 ARP 2600,0.0,0.0,0.0
Dexed_01:17 Arp+BuzzRs,0.0,0.0,0.0
Dexed_01:18 TRW,9.004570007324219,9.004570007324219,0.0
Dexed_01:19 MIRIDOR 1,5.603269577026367,5.603269577026367,0.0
Dexed_01:20 DEVIL TACK,0.0,0.0,0.0
Dexed_01:21 RUMBLE   1,0.0,0.0,0.0
Dexed_01:22 CASCADE 21,7.684550762176514,7.684550762176514,0.0
"Dexed_01:23 C,D,Eb,F",0.0,0.0,0.0
Dexed_01:24 TundStatc^,0.0,0.0,0.0
Dexed_01:25 -WOBBLE 1-,0.0,0.0,0.0
Dexed_01:26 FILTER-SWP,0.0,0.0,0.0
Dexed_01:27 SAHARA,0.0,0.0,0.0
Dexed_01:28 ELECTRON 1,0.0,0.0,0.0
"Dexed_01:29 BANKS, T.",10.235370635986328,10.235370635986328,0.0
Dexed_01:30 Slow3D Pad,7.5648603439331055,7.5648603439331055,0.0
Dexed_01:31 LFO SWEEP,3.7282097339630127,3.7282097339630127,0.0
SynprezFM_01:00 PIANO   3,0.0,0.0,0.0
SynprezFM_01:01 HARPSICH 1,0.0,0.0,0.0
SynprezFM_01:02 PIPES   2,0.0,0.0,0.0
SynprezFM_01:03 SITAR,0.0,0.0,0.0
SynprezFM_01:04 HARP    2,0.0,0.0,0.0
SynprezFM_01:05 T.BL-EXPA,0.0,0.0,0.0
SynprezFM_01:06 TAKE OFF,0.0,0.0,0.0
SynprezFM_01:07 WATER GDN,4.497983932495117,4.497983932495117,0.0
SynprezFM_01:08 glassbell,0.0,0.0,0.0
SynprezFM_01:09 glassman,7.772261619567871,7.772261619567871,0.0
SynprezFM_01:10 amuseum,9.995125770568848,9.995125770568848,0.0
SynprezFM_01:11 annabelle,0.0,0.0,0.0
SynprezFM_01:12 rhodos,0.0,0.0,0.0
SynprezFM_01:13 ROMANTIC,0.0,0.0,0.0
SynprezFM_01:14 OB8 BRASS,6.874923229217529,6.874923229217529,0.0
SynprezFM_01:15 DIGILOG 2,0.0,0.0,0.0
SynprezFM_01:16 Ac.StlGtr1,0.0,0.0,0.0
SynprezFM_01:17 F.CHORUS 1,6.6868672370910645,6.6868672370910645,0.0
SynprezFM_01:18 Dbl Fantay,4.628964424133301,4.628964424133301,0.0
SynprezFM_01:19 *Hammond 3,0.0,0.0,0.0
SynprezFM_01:20 *Kurzweil2,0.0,0.0,0.0
SynprezFM_01:21 Nu Island\,0.0,0.0,0.0
SynprezFM_01:22 STRUMBANJO,0.0,0.0,0.0
SynprezFM_01:23 4BD-SD-TD,0.0,0.0,0.0
SynprezFM_01:24 WHITE-EAGL,0.0,0.0,0.0
SynprezFM_01:25 CLAVERQUAN,0.0,0.0,0.0
SynprezFM_01:26 GRDVLN.2-D,9.433576583862305,9.433576583862305,0.0
SynprezFM_01:27 SAGA,0.0,0.0,0.0
SynprezFM_01:28 GOSIER,7.818803787231445,7.818803787231445,0.0
SynprezFM_01:29 VIOLLUSQUE,0.0,0.0,0.0
SynprezFM_01:30 SYNPIA.3-D,0.0,0.0,0.0
SynprezFM_01:31 SYN CLAVCN,0.0,0.0,0.0
SynprezFM_02:00 *'What',0.9985175728797913,0.9985175728797913,0.0
SynprezFM_02:01 CHINESE 1,0.0,0.0,0.0
SynprezFM_02:02 SCHLBELL,18.142059326171875,18.142059326171875,0.0
SynprezFM_02:03 5(c^a,2.304072141647339,2.304072141647339,0.0
SynprezFM_02:04 OB8 PAD,0.0,0.0,0.0
SynprezFM_02:05 VIOLIN  14,0.0,0.0,0.0
SynprezFM_02:06 EXPRESSHUN,0.0,0.0,0.0
SynprezFM_02:07 SYNORGANJL,0.0,0.0,0.0
SynprezFM_02:08 TenVox   5,4.8592963218688965,4.8592963218688965,0.0
SynprezFM_02:09 CEMBALO,0.0,0.0,0.0
SynprezFM_02:10 EMU.SND. M,5.9514546394348145,5.9514546394348145,0.0
SynprezFM_02:11 SynHarmo1,0.0,0.0,0.0
SynprezFM_02:12 METL KETL,0.0,0.0,0.0
SynprezFM_02:13 PURGATORY,0.0,0.0,0.0
SynprezFM_02:14 DBL ORGY,0.0,0.0,0.0
SynprezFM_02:15 FmRhodes18,0.0,0.0,0.0
SynprezFM_02:16 BlueSword,6.501243591308594,6.501243591308594,0.0
SynprezFM_02:17 WM3 Maj5th,11.56342887878418,11.56342887878418,0.0
SynprezFM_02:18 MERMAIDS,0.0,0.0,0.0
SynprezFM_02:19 Xanadu2,10.371780395507812,10.371780395507812,0.0
SynprezFM_02:20 StringFlex,7.407548904418945,0.0,0.0
SynprezFM_02:21 CHIPS 2,0.0,0.0,0.0
SynprezFM_02:22 Formant,0.0,0.0,0.0
SynprezFM_02:23 E.-PIANO,7.03180456161499,7.03180456161499,0.0
SynprezFM_02:24 Magic Org2,0.0,0.0,0.0
SynprezFM_02:25 HAMMOND2,3.067517042160034,3.067517042160034,0.0
SynprezFM_02:26 NIGHTLIGHT,0.0,0.0,0.0
SynprezFM_02:27 E.ORGAN 2,0.0,0.0,0.0
SynprezFM_02:28 POWERCLAV,0.0,0.0,0.0
SynprezFM_02:29 Maracas 1,0.0,0.0,0.0
SynprezFM_02:30 Trombone \,0.0,0.0,0.0
SynprezFM_02:31 KEYSYNTS-A,0.0,0.0,0.0
SynprezFM_03:00 FLEXI    4,0.0,0.0,0.0
SynprezFM_03:01 SHIMMER 3,13.70795726776123,13.70795726776123,0.0
SynprezFM_03:02 AnlgSyn.26,0.0,0.0,0.0
SynprezFM_03:03 Sax med6bc,0.0,0.0,0.0
SynprezFM_03:04 HEAVYMETAL,10.601902961730957,10.601902961730957,0.0
SynprezFM_03:05 NuAgeDelys,0.0,0.0,0.0
SynprezFM_03:06 Digital.D,0.0,0.0,0.0
SynprezFM_03:07 BR.ANALOG1,0.0,0.0,0.0
SynprezFM_03:08 SOURBLADES,0.0,0.0,0.0
SynprezFM_03:09 Reverb,0.0,0.0,0.0
SynprezFM_03:10 SPOTNIKS,0.0,0.0,0.0
SynprezFM_03:11 DYNO MYTE,0.0,0.0,0.0
SynprezFM_03:12 STEEL DRUM,7.9052019119262695,7.9052019119262695,0.0
SynprezFM_03:13 ANALOG KIT,0.0,0.0,0.0
SynprezFM_03:14 SUPERTRAMP,0.0,0.0,0.0
SynprezFM_03:15 STG-TUB F1,6.618928909301758,6.618928909301758,0.0
SynprezFM_03:16 Dna-Run1,0.0,0.0,0.0
SynprezFM_03:17 > FM.BASS,0.0,0.0,0.0
SynprezFM_03:18 SOUFFLE2DX,10.747669219970703,6.908834934234619,0.0
SynprezFM_03:19 SpaceMusic,4.60104513168335,0.0,0.0
SynprezFM_03:20 MushString,0.0,0.0,0.0
SynprezFM_03:21 Kurzweil3,0.0,0.0,0.0
SynprezFM_03:22 Claves,0.0,0.0,0.0
SynprezFM_03:23 STEEL KEY,5.172364711761475,5.172364711761475,0.0
SynprezFM_03:24 TYPEWRITER,0.0,0.0,0.0
SynprezFM_03:25 Thumbpick2,0.0,0.0,0.0
SynprezFM_03:26 POLY.SYN 2,0.0,0.0,0.0
SynprezFM_03:27 NICE MIKE,0.0,0.0,0.0
SynprezFM_03:28 MERINGUE,6.246561527252197,6.246561527252197,0.0
SynprezFM_03:29 T-E.Piano2,0.0,0.0,0.0
SynprezFM_03:30 Lebannon,0.0,0.0,0.0
SynprezFM_03:31 Glide,0.0,0.0,0.0
SynprezFM_04:00 'AltoSx'HM,10.8786039352417,10.8786039352417,0.0
SynprezFM_04:01 LION WALK,0.0,0.0,0.0
SynprezFM_04:02 NEWBASS-02,0.0,0.0,0.0
SynprezFM_04:03 S-H ZIBBLE,21.965478897094727,0.0,0.0
SynprezFM_04:04 E.PNO 13.2,0.0,0.0,0.0
SynprezFM_04:05 Fairyland,0.0,0.0,0.0
SynprezFM_04:06 GlassBrass,0.0,0.0,0.0
SynprezFM_04:07 BRASS,6.853969573974609,6.853969573974609,0.0
SynprezFM_04:08 PipeOrgan,0.0,0.0,0.0
SynprezFM_04:09 Metalls 2,0.0,0.0,0.0
SynprezFM_04:10 Tree piano,0.0,0.0,0.0
SynprezFM_04:11 SPACINO 1,0.0,0.0,0.0
SynprezFM_04:12 Randomize3,16.420835494995117,0.0,0.0
SynprezFM_04:13 Annie'sCry,0.0,0.0,0.0
SynprezFM_04:14 INCANTATIO,0.0,0.0,0.0
SynprezFM_04:15 GoodLovin',6.386885166168213,6.386885166168213,0.0
SynprezFM_04:16 NoBoKuto1\,0.0,0.0,0.0
SynprezFM_04:17 E.ORG 13.3,0.0,0.0,0.0
SynprezFM_04:18 SPLIT 1,0.0,0.0,0.0
SynprezFM_04:19 PCM-AKKOR.,5.150376319885254,5.150376319885254,0.0
SynprezFM_04:20 BASSOON  1,4.172145843505859,4.172145843505859,0.0
SynprezFM_04:21 PORTATIVE,8.061248779296875,8.061248779296875,0.0
SynprezFM_04:22 -RHODES-,0.0,0.0,0.0
SynprezFM_04:23 RisingHrm,0.0,0.0,0.0
SynprezFM_04:24 PRCV ORGN1,7.038876056671143,7.038876056671143,0.0
SynprezFM_04:25 Rigel 7,0.0,0.0,0.0
SynprezFM_04:26 *PPG*Vol.6,0.0,0.0,0.0
SynprezFM_04:27 CHORUSFEND,0.0,0.0,0.0
SynprezFM_04:28 Don't You,8.546584129333496,8.546584129333496,0.0
SynprezFM_04:29 002     PF,0.0,0.0,0.0
SynprezFM_04:30 METALBASS,0.0,0.0,0.0
SynprezFM_04:31 Layer #6,0.0,0.0,0.0
SynprezFM_05:00 TRAFFICJAM,0.0,0.0,0.0
SynprezFM_05:01 PLUCVIBE 1,0.0,0.0,0.0
SynprezFM_05:02 CIANIA,5.927928924560547,5.927928924560547,0.0
SynprezFM_05:03 HYPE BASS2,0.0,0.0,0.0
SynprezFM_05:04 nasal STG,0.0,0.0,0.0
SynprezFM_05:05 PLING    A,0.0,0.0,0.0
SynprezFM_05:06 CONGAS   2,0.0,0.0,0.0
SynprezFM_05:07 ORIENTAL1,0.0,0.0,0.0
SynprezFM_05:08 detuneVibe,0.0,0.0,0.0
SynprezFM_05:09 GLEE CLUB,7.589749813079834,8.07077693939209,0.0
SynprezFM_05:10 Sitar  2,0.0,0.0,0.0
SynprezFM_05:11 NuhsaBel4,0.0,0.0,0.0
SynprezFM_05:12 DX/Exprsv3,0.0,0.0,0.0
SynprezFM_05:13 RamaEns.1B,7.231646537780762,7.231646537780762,0.0
SynprezFM_05:14 <FM>alog 3,0.0,0.0,0.0
SynprezFM_05:15 {E.Bass.K},0.0,0.0,0.0
SynprezFM_05:16 AdditvSwep,0.0,0.0,0.0
SynprezFM_05:17 FULL  CLAV,0.0,0.0,0.0
SynprezFM_05:18 Lo~Hi-Bass,0.0,0.0,0.0
SynprezFM_05:19 OCTORGAN,0.0,0.0,0.0
SynprezFM_05:20 Plick 2.,0.0,0.0,0.0
SynprezFM_05:21 ELODIE 2,0.0,0.0,0.0
SynprezFM_05:22 BassAirMan,0.0,0.0,0.0
SynprezFM_05:23 INDUSTRIAL,0.0,0.0,0.0
SynprezFM_05:24 DIGI C,0.0,0.0,0.0
SynprezFM_05:25 PERC-CLAV2,0.0,0.0,0.0
SynprezFM_05:26 WHTEDGE AV,0.0,0.0,0.0
SynprezFM_05:27 CARL3AV,0.0,0.0,0.0
SynprezFM_05:28 Etherial a,6.623815536499023,6.623815536499023,0.0
SynprezFM_05:29 Synth 2,0.0,0.0,0.0
SynprezFM_05:30 PIANET,0.0,0.0,0.0
SynprezFM_05:31 SPARKLE 1,16.415945053100586,16.415945053100586,0.0
SynprezFM_06:00 PYRAMFLITE,0.0,0.0,0.0
SynprezFM_06:01 Voices 2,6.884394645690918,6.884394645690918,0.0
SynprezFM_06:02 *Jean-Mich,0.0,0.0,0.0
SynprezFM_06:03 CHASETime7,0.0,0.0,0.0
SynprezFM_06:04 Stac.Heavn,5.804681777954102,5.804681777954102,0.0
SynprezFM_06:05 SYNC.PERC,0.0,0.0,0.0
SynprezFM_06:06 Tack Piano,0.0,0.0,0.0
SynprezFM_06:07 DYNASTRING,0.0,0.0,0.0
SynprezFM_06:08 L.A.Pad 4B,13.722982406616211,13.722982406616211,0.0
SynprezFM_06:09 PLUCKEDRUM,6.012223243713379,6.012223243713379,0.0
SynprezFM_06:10 metaCLASM,6.836887836456299,6.836887836456299,0.0
SynprezFM_06:11 WRMSP MCK,0.0,0.0,0.0
SynprezFM_06:12 'Juchhe'HM,0.0,0.0,0.0
SynprezFM_06:13 JUPITER,7.892714500427246,7.892714500427246,0.0
SynprezFM_06:14 DULCY 2,0.0,0.0,0.0
SynprezFM_06:15 STARDUST,0.0,0.0,0.0
SynprezFM_06:16 Poly aftr,0.0,0.0,0.0
SynprezFM_06:17 KINKEYS,0.0,0.0,0.0
SynprezFM_06:18 *DISCOBASS,5.803244590759277,5.803244590759277,0.0
SynprezFM_06:19 Maiar,3.734469413757324,3.734469413757324,0.0
SynprezFM_06:20 BWANGO,0.0,0.0,0.0
SynprezFM_06:21 Sal'sBird,0.0,0.0,0.0
SynprezFM_06:22 JAZZ GUIT1,6.215642929077148,6.215642929077148,0.0
SynprezFM_06:23 WET PIANO,0.0,0.0,0.0
SynprezFM_06:24 Digi Pad,0.0,0.0,0.0
SynprezFM_06:25 Heavy Mach,7.355151653289795,7.355151653289795,0.0
SynprezFM_06:26 BRACKET,0.0,0.0,0.0
SynprezFM_06:27 Bugs&Birds,14.637247085571289,14.637247085571289,0.0
SynprezFM_06:28 COWIMBA,0.0,0.0,0.0
SynprezFM_06:29 Jly Beans2,0.0,0.0,0.0
SynprezFM_06:30 *Bambu*,0.0,0.0,0.0
SynprezFM_06:31 PERCESTRA,6.104844093322754,6.104844093322754,0.0
SynprezFM_07:00 SOLO BRASS,6.609516143798828,6.609516143798828,0.0
SynprezFM_07:01 Trident,0.0,0.0,0.0
SynprezFM_07:02 SPA 2 AV,0.0,0.0,0.0
SynprezFM_07:03 LtsPhazIt\,0.0,0.0,0.0
SynprezFM_07:04 TIGHT BASS,0.0,0.0,0.0
SynprezFM_07:05 Honky-PnMS,0.0,0.0,0.0
SynprezFM_07:06 CHEAP DDL,0.0,0.0,0.0
SynprezFM_07:07 SWISH-STRG,8.771275520324707,8.771275520324707,0.0
SynprezFM_07:08 NARFStrgs,6.67924165725708,6.67924165725708,0.0
SynprezFM_07:09 .ORGAN 5 c,0.0,0.0,0.0
SynprezFM_07:10 Cymbalrev3,0.0,0.0,0.0
SynprezFM_07:11 ANGELS,12.025171279907227,12.025171279907227,0.0
SynprezFM_07:12 *Vibration,8.398466110229492,8.398466110229492,0.0
SynprezFM_07:13 Plookey2,0.0,0.0,0.0
SynprezFM_07:14 woofer2spt,0.0,0.0,0.0
SynprezFM_07:15 CHINA3PLUS,0.0,0.0,0.0
SynprezFM_07:16 Oboe  6 BC,0.0,0.0,0.0
SynprezFM_07:17 Hammond Sp,6.014166831970215,6.014166831970215,0.0
SynprezFM_07:18 HardBass15,0.0,0.0,0.0
SynprezFM_07:19 SMASH 30.4,1.8744537830352783,1.713998556137085,0.0
SynprezFM_07:20 PIPE ORG.1,0.0,0.0,0.0
SynprezFM_07:21 SYNTAXE,0.0,0.0,0.0
SynprezFM_07:22 FRENCHHRN1,0.0,0.0,0.0
SynprezFM_07:23 BEAMER 2,0.0,0.0,0.0
SynprezFM_07:24 HonkyTonk1,0.0,0.0,0.0
SynprezFM_07:25 SYN-LEAD32,0.0,0.0,0.0
SynprezFM_07:26 KLIK,1.278794527053833,1.0526442527770996,0.0
SynprezFM_07:27 FILM AT 11,10.642391204833984,0.0,0.0
SynprezFM_07:28 Shorgan,0.0,0.0,0.0
SynprezFM_07:29 One on One,0.0,0.0,0.0
SynprezFM_07:30 Belltree,0.0,0.0,0.0
SynprezFM_07:31 PrnclyBls\,7.21208381652832,7.21208381652832,0.0
SynprezFM_08:00 DL RHODES4,0.0,0.0,0.0
SynprezFM_08:01 <Vangelis>,0.0,0.0,0.0
SynprezFM_08:02 THOUGHTS-2,0.0,0.0,0.0
SynprezFM_08:03 yanni,0.0,0.0,0.0
SynprezFM_08:04 TorimPluk4,0.0,0.0,0.0
SynprezFM_08:05 CLARINET,6.353766918182373,6.353766918182373,0.0
SynprezFM_08:06 Bassoon 7,9.396347999572754,9.396347999572754,0.0
SynprezFM_08:07 RptrRISE 3,9.374642372131348,9.374642372131348,0.0
SynprezFM_08:08 Glenda's,10.142587661743164,10.142587661743164,0.0
SynprezFM_08:09 CREATIONUS,0.0,0.0,0.0
SynprezFM_08:10 Bar Tackno,0.0,0.0,0.0
SynprezFM_08:11 MrLeadBody,0.0,0.0,0.0
SynprezFM_08:12 ZZING,0.0,0.0,0.0
SynprezFM_08:13 Flute   22,0.0,0.0,0.0
SynprezFM_08:14 TWINCLE,0.0,0.0,0.0
SynprezFM_08:15 Smoothout,7.6586174964904785,7.6586174964904785,0.0
SynprezFM_08:16 LOG DRUM,8.047866821289062,8.047866821289062,0.0
SynprezFM_08:17 PIANO    2,0.0,0.0,0.0
SynprezFM_08:18 BABY CAT,0.0,0.0,0.0
SynprezFM_08:19 Chorma 6 \,0.0,0.0,0.0
SynprezFM_08:20 OBERHEIM.1,0.0,0.0,0.0
SynprezFM_08:21 MONGOLIA,0.0,0.0,0.0
SynprezFM_08:22 LEAD SNYTH,0.0,0.0,0.0
SynprezFM_08:23 SHIMMER,0.0,0.0,0.0
SynprezFM_08:24 TIGHTpluka,0.0,0.0,0.0
SynprezFM_08:25 StrBrs ^/\,0.0,0.0,0.0
SynprezFM_08:26 Abadon,7.710508346557617,7.710508346557617,0.0
SynprezFM_08:27 Chirprum,0.0,0.0,0.0
SynprezFM_08:28 HARPSICH 4,0.0,0.0,0.0
SynprezFM_08:29 FANTOMES,0.0,0.0,0.0
SynprezFM_08:30 Old Pond \,0.0,0.0,0.0
SynprezFM_08:31 METHENY,7.2006330490112305,7.2006330490112305,0.0
SynprezFM_09:00 Smog Bas,0.0,0.0,0.0
SynprezFM_09:01 Pan Pipe 8,6.423581600189209,6.423581600189209,0.0
SynprezFM_09:02 BANJO,5.724277019500732,5.724277019500732,0.0
SynprezFM_09:03 SteelLids1,7.68940544128418,7.68940544128418,0.0
SynprezFM_09:04 HELICOPTER,19.10084342956543,19.10084342956543,0.0
SynprezFM_09:05 SCRATCH ME,0.0,0.0,0.0
SynprezFM_09:06 LASER PLUS,10.980127334594727,10.980127334594727,0.0
SynprezFM_09:07 Zither^,0.0,0.0,0.0
SynprezFM_09:08 T.Chass,0.0,0.0,0.0
SynprezFM_09:09 BackGuitar,0.0,0.0,0.0
SynprezFM_09:10 Karimba  v,0.0,0.0,0.0
SynprezFM_09:11 CURVED AIR,7.612672805786133,7.612672805786133,0.0
SynprezFM_09:12 DINGL 19.1,0.0,0.0,0.0
SynprezFM_09:13 LayerMelow,8.723734855651855,8.723734855651855,0.0
SynprezFM_09:14 SOFT SYNTH,0.0,0.0,0.0
SynprezFM_09:15 Huff.Perc,0.0,0.0,0.0
SynprezFM_09:16 Glockensp,0.0,0.0,0.0
SynprezFM_09:17 PIANO 1 V,0.0,0.0,0.0
SynprezFM_09:18 MUSICBLOCK,6.918466567993164,6.918466567993164,0.0
SynprezFM_09:19 CELLO    2,6.465157985687256,6.465157985687256,0.0
SynprezFM_09:20 MUTE BLOCK,0.0,0.0,0.0
SynprezFM_09:21 CALIOPE,0.0,0.0,0.0
SynprezFM_09:22 BEAMER 10,12.773616790771484,12.773616790771484,0.0
SynprezFM_09:23 On the Run,3.0776405334472656,3.0776405334472656,0.0
SynprezFM_09:24 What?One?,0.0,0.0,0.0
SynprezFM_09:25 'Bimmel'HM,0.0,0.0,0.0
SynprezFM_09:26 LdSubHrm2\,0.0,0.0,0.0
SynprezFM_09:27 HOLLOW SYN,7.950657844543457,7.950657844543457,0.0
SynprezFM_09:28 tingHarmic,0.0,0.0,0.0
SynprezFM_09:29 TBTAN BELL,5.104145526885986,5.104145526885986,0.0
SynprezFM_09:30 AcousTine2,0.0,0.0,0.0
SynprezFM_09:31 ACOUSTGUIT,5.304976940155029,5.304976940155029,0.0
SynprezFM_10:00 PLK.HARP#2,0.0,0.0,0.0
SynprezFM_10:01 Strings-1,6.195322036743164,6.195322036743164,0.0
SynprezFM_10:02 Gabriel 2 ,6.699333667755127,6.699333667755127,0.0
SynprezFM_10:03 AIRBLOWER,0.0,0.0,0.0
SynprezFM_10:04 ClaviPluck,0.0,0.0,0.0
SynprezFM_10:05 brassssy2,6.79272985458374,6.79272985458374,0.0
SynprezFM_10:06 Onglon,0.0,0.0,0.0
SynprezFM_10:07 SOFTSTEEL,0.0,0.0,0.0
SynprezFM_10:08 BASS-ROADS,0.0,0.0,0.0
SynprezFM_10:09 FUNK PULSE,0.0,0.0,0.0
SynprezFM_10:10 YEAAAHH,0.0,0.0,0.0
SynprezFM_10:11 WineGlass2,8.175558090209961,0.0,0.0
SynprezFM_10:12 Piccolo.J,0.0,0.0,0.0
SynprezFM_10:13 EVENTSr1fl,0.0,0.0,0.0
SynprezFM_10:14 SoniCrystl,0.0,0.0,0.0
SynprezFM_10:15 SynLead.39,0.0,0.0,0.0
SynprezFM_10:16 FANTASY 2,7.199915885925293,7.199915885925293,0.0
SynprezFM_10:17 HARP2 MOD1,0.0,0.0,0.0
SynprezFM_10:18 Vialince,0.0,0.0,0.0
SynprezFM_10:19 JAMACA,0.0,0.0,0.0
SynprezFM_10:20 SW. DREAM2,6.492088317871094,6.492088317871094,0.0
SynprezFM_10:21 'Guroo' HM,0.0,0.0,0.0
SynprezFM_10:22 AditvBel 7,0.0,0.0,0.0
SynprezFM_10:23 Chariots,6.255693435668945,6.255693435668945,0.0
SynprezFM_10:24 DIRTYFLUTE,6.28072452545166,6.28072452545166,0.0
SynprezFM_10:25 OCTAVE WAR,19.740266799926758,19.740266799926758,0.0
SynprezFM_10:26 CIRRUS,0.0,0.0,0.0
SynprezFM_10:27 KotoSawTo,0.0,0.0,0.0
SynprezFM_10:28 MELLOWER2a,6.0650482177734375,6.0650482177734375,0.0
SynprezFM_10:29 KARIMBA  A,0.0,0.0,0.0
SynprezFM_10:30 GackFrShr\,0.0,0.0,0.0
SynprezFM_10:31 STONED DX,0.0,0.0,0.0
SynprezFM_11:00 CONC.-GRD.,0.0,0.0,0.0
SynprezFM_11:01 Proc pno,0.0,0.0,0.0
SynprezFM_11:02 Rimba.Sury,0.0,0.0,0.0
SynprezFM_11:03 arpedler,0.0,0.0,0.0
SynprezFM_11:04 FLANGER,0.0,0.0,0.0
SynprezFM_11:05 japanchime,0.0,0.0,0.0
SynprezFM_11:06 SYNTH WOW,0.0,0.0,0.0
SynprezFM_11:07 Ice.Galaxy,0.0,0.0,0.0
SynprezFM_11:08 Leslie 5,0.0,0.0,0.0
SynprezFM_11:09 SpaceBeach,6.5255818367004395,6.5255818367004395,0.0
SynprezFM_11:10 SYN-LEAD 1,11.50085163116455,11.50085163116455,0.0
SynprezFM_11:11 LOW -SPACE,8.42266845703125,8.42266845703125,0.0
SynprezFM_11:12 PPG WAVE 2,0.0,0.0,0.0
SynprezFM_11:13 Cold Isle,0.0,0.0,0.0
SynprezFM_11:14 Mayan Vibs,7.7271552085876465,7.7271552085876465,0.0
SynprezFM_11:15 HORN MOD,22.181255340576172,22.181255340576172,0.0
SynprezFM_11:16 Os Prc*Trp,0.0,0.0,0.0
SynprezFM_11:17 PNO1,0.0,0.0,0.0
SynprezFM_11:18 ALIENESTRA,0.0,0.0,0.0
SynprezFM_11:19 XYZ,9.093809127807617,9.093809127807617,0.0
SynprezFM_11:20 TORIM PLK2,0.0,0.0,0.0
SynprezFM_11:21 SPACEGHOST,0.0,0.0,0.0
SynprezFM_11:22 AzBaladaa,0.0,0.0,0.0
SynprezFM_11:23 OberheimB3,9.014604568481445,9.014604568481445,0.0
SynprezFM_11:24 SlightDly1,7.55163049697876,7.55163049697876,0.0
SynprezFM_11:25 DARKSHADOW,0.0,0.0,0.0
SynprezFM_11:26 LUCRETIA,0.0,0.0,0.0
SynprezFM_11:27 ChiffPno.3,0.0,0.0,0.0
SynprezFM_11:28 HANDDRUM 1,0.0,0.0,0.0
SynprezFM_11:29 Myrid,0.0,0.0,0.0
SynprezFM_11:30 Kalimba.3,0.0,0.0,0.0
SynprezFM_11:31 HeavenHarp,0.0,0.0,0.0
SynprezFM_12:00 OPTUSER,0.0,0.0,0.0
SynprezFM_12:01 TIN DRUMS,0.0,0.0,0.0
SynprezFM_12:02 Layer #3,7.142042636871338,7.142042636871338,0.0
SynprezFM_12:03 potsnpans1,1.8157219886779785,1.8157219886779785,0.0
SynprezFM_12:04 TALKY    1,6.402990341186523,6.402990341186523,0.0
SynprezFM_12:05 Saws Pad1b,6.1851887702941895,6.1851887702941895,0.0
SynprezFM_12:06 EMULATOR,12.469879150390625,12.469879150390625,0.0
SynprezFM_12:07 Clavinet50,0.0,0.0,0.0
SynprezFM_12:08 KillrD's6a,0.0,0.0,0.0
SynprezFM_12:09 Synbrs M16,3.395353078842163,3.395353078842163,0.0
SynprezFM_12:10 E.Clique2\,0.0,0.0,0.0
SynprezFM_12:11 WM3 12th,14.178709030151367,14.178709030151367,0.0
SynprezFM_12:12 TundStatc^,0.0,0.0,0.0
SynprezFM_12:13 EGU,0.0,0.0,0.0
SynprezFM_12:14 HEAVEN,6.631309509277344,6.631309509277344,0.0
SynprezFM_12:15 Ld Melo Ch,8.154370307922363,8.154370307922363,0.0
SynprezFM_12:16 FuzzGuit.1,0.0,0.0,0.0
SynprezFM_12:17 AnlgStrng8,0.0,0.0,0.0
SynprezFM_12:18 PI 3EAV,0.0,0.0,0.0
SynprezFM_12:19 > DIGISLAP,0.0,0.0,0.0
SynprezFM_12:20 THE JUNGLE,0.0,0.0,0.0
SynprezFM_12:21 What The..,0.0,0.0,0.0
SynprezFM_12:22 CLANK SUS,0.0,0.0,0.0
SynprezFM_12:23 St Qrtet1*,5.6254963874816895,5.6254963874816895,0.0
SynprezFM_12:24 KalimbaEno,6.763066291809082,6.763066291809082,0.0
SynprezFM_12:25 HUMAN-MAX1,7.390236854553223,7.390236854553223,0.0
SynprezFM_12:26 HighStrngs,0.0,0.0,0.0
SynprezFM_12:27 DX CP70B 1,0.0,0.0,0.0
SynprezFM_12:28 DrvMeCrzy1,0.0,0.0,0.0
SynprezFM_12:29 -=]V[=- 11,0.0,0.0,0.0
SynprezFM_12:30 *New Flute,6.964778423309326,6.964778423309326,0.0
SynprezFM_12:31 MutedClav\,0.0,0.0,0.0
SynprezFM_13:00 VIBRAPHON2,7.5621185302734375,7.5621185302734375,0.0
SynprezFM_13:01 wx-cream,0.0,0.0,0.0
SynprezFM_13:02 New FM,5.485478401184082,5.485478401184082,0.0
SynprezFM_13:03 <Acc>Gtr 2,0.0,0.0,0.0
SynprezFM_13:04 AURALIS,0.0,0.0,0.0
SynprezFM_13:05 CHIME EFF.,0.0,0.0,0.0
SynprezFM_13:06 Solo.Tbone,6.217770576477051,6.217770576477051,0.0
SynprezFM_13:07 MIRIDOR 1,5.440822124481201,5.440822124481201,0.0
SynprezFM_13:08 W.C. <iO>0,8.57329273223877,8.57329273223877,0.0
SynprezFM_13:09 WeirdVocal,6.825060844421387,6.825060844421387,0.0
SynprezFM_13:10 Modd Piano,0.0,0.0,0.0
SynprezFM_13:11 GLITTER,0.0,0.0,0.0
SynprezFM_13:12 YAMAHA GX1,7.429833889007568,7.429833889007568,0.0
SynprezFM_13:13 SYNBASS 54,0.0,0.0,0.0
SynprezFM_13:14 EPIANO 9,0.0,0.0,0.0
SynprezFM_13:15 Mr.Softee,0.0,0.0,0.0
SynprezFM_13:16 SYNTHIANA,6.204958438873291,6.204958438873291,0.0
SynprezFM_13:17 Dna-Pad/4,4.2884297370910645,4.2884297370910645,0.0
SynprezFM_13:18 TUB.SWEEP1,0.0,0.0,0.0
SynprezFM_13:19 SIMMONS !!,0.0,0.0,0.0
SynprezFM_13:20 FM PIANO A,0.0,0.0,0.0
SynprezFM_13:21 CROSSING,13.096023559570312,13.096023559570312,0.0
SynprezFM_13:22 Warm Stg A,8.545866012573242,8.545866012573242,0.0
SynprezFM_13:23 K SNARE  7,0.0,0.0,0.0
SynprezFM_13:24 StarFlower,6.789236545562744,6.789236545562744,0.0
SynprezFM_13:25 E. DRUMS 3,0.0,0.0,0.0
SynprezFM_13:26 PROPHET600,8.39717960357666,8.39717960357666,0.0
SynprezFM_13:27 *Rock it,9.874618530273438,9.874618530273438,0.0
SynprezFM_13:28 SPACY SYNT,0.0,0.0,0.0
SynprezFM_13:29 MusicBoxII,0.0,0.0,0.0
SynprezFM_13:30 Sweeeeeet,8.059497833251953,8.059497833251953,0.0
SynprezFM_13:31 P-7     2B,0.0,0.0,0.0
SynprezFM_14:00 THE  FIX,0.0,0.0,0.0
SynprezFM_14:01 Bill Bell,0.0,0.0,0.0
SynprezFM_14:02 BUSHRINGS,0.0,0.0,0.0
SynprezFM_14:03 DX-ENSEMBE,2.933372735977173,2.933372735977173,0.0
SynprezFM_14:04 Drip.Etc,0.0,0.0,0.0
SynprezFM_14:05 R CYMBAL B,0.0,0.0,0.0
SynprezFM_14:06 SCHEIME,0.0,0.0,0.0
SynprezFM_14:07 BellDreams,0.0,0.0,0.0
SynprezFM_14:08 Noizlead 1,0.0,0.0,0.0
SynprezFM_14:09 Lavitar  \,0.0,0.0,0.0
SynprezFM_14:10 frct.sax 2,10.653704643249512,10.653704643249512,0.0
SynprezFM_14:11 HARP 1,7.271327972412109,7.271327972412109,0.0
SynprezFM_14:12 WAVERELIEF,11.71518325805664,11.71518325805664,0.0
SynprezFM_14:13 B-3     II,6.754617214202881,6.754617214202881,0.0
SynprezFM_14:14 PolyString,7.42501974105835,7.42501974105835,0.0
SynprezFM_14:15 BRITE EYES,0.0,0.0,0.0
SynprezFM_14:16 DINGL 19.8,0.0,0.0,0.0
SynprezFM_14:17 HALLO,0.0,0.0,0.0
SynprezFM_14:18 GS-1 TYPE1,9.456802368164062,9.456802368164062,0.0
SynprezFM_14:19 HARPSIC 1,0.0,0.0,0.0
SynprezFM_14:20 TECNO-XYLO,0.0,0.0,0.0
SynprezFM_14:21 Transmit,11.482414245605469,11.482414245605469,0.0
SynprezFM_14:22 BEAMER 8,0.0,0.0,0.0
SynprezFM_14:23 BEND,0.0,0.0,0.0
SynprezFM_14:24 Bello 4  \,7.234757423400879,7.234757423400879,0.0
SynprezFM_14:25 \Glasharp,6.667716026306152,6.667716026306152,0.0
SynprezFM_14:26 BRS-CHMEJH,0.0,0.0,0.0
SynprezFM_14:27 QwerDaLune,0.0,0.0,0.0
SynprezFM_14:28 SpitTrumpt,0.0,0.0,0.0
SynprezFM_14:29 ECHO ECHO1,0.0,0.0,0.0
SynprezFM_14:30 moonswift2,0.0,0.0,0.0
SynprezFM_14:31 OctaveBell,14.286735534667969,14.286735534667969,0.0
SynprezFM_15:00 MR.80S,7.037289142608643,7.037289142608643,0.0
SynprezFM_15:01 CX>5Harps>,0.0,0.0,0.0
SynprezFM_15:02 Bowed REV,7.566559314727783,7.566559314727783,0.0
SynprezFM_15:03 E.Piano 44,0.0,0.0,0.0
SynprezFM_15:04 ACCENT,0.0,0.0,0.0
SynprezFM_15:05 1ST-LASTMW,0.0,0.0,0.0
SynprezFM_15:06 STRINGS  2,5.8956427574157715,5.8956427574157715,0.0
SynprezFM_15:07 KENJO-JI 1,8.170965194702148,8.170965194702148,0.0
SynprezFM_15:08 OKTAVBELLS,0.0,0.0,0.0
SynprezFM_15:09 GAMELAN,0.0,0.0,0.0
SynprezFM_15:10 *Synt-'69',0.0,0.0,0.0
SynprezFM_15:11 Nikita,9.13371753692627,9.13371753692627,0.0
SynprezFM_15:12 ForrestBel,7.191903114318848,7.191903114318848,0.0
SynprezFM_15:13 DIG.SPLIT8,0.0,0.0,0.0
SynprezFM_15:14 ArielWASH1,0.0,0.0,0.0
SynprezFM_15:15 STRM1 LNGA,7.590618133544922,7.590618133544922,0.0
SynprezFM_15:16 NOW-YOU...,3.3524606227874756,3.3524606227874756,0.0
SynprezFM_15:17 CLAV    2,0.0,0.0,0.0
SynprezFM_15:18 BLBLBLBL,0.0,0.0,0.0
SynprezFM_15:19 S&H BUBBLE,12.522178649902344,6.29506778717041,0.0
SynprezFM_15:20 DB-VOX1FEM,0.0,0.0,0.0
SynprezFM_15:21 M.42STRATA,0.0,0.0,0.0
SynprezFM_15:22 HIMALAYA,0.0,0.0,0.0
SynprezFM_15:23 HARP10 V2,10.741897583007812,10.741897583007812,0.0
SynprezFM_15:24 CLAVI*STRG,7.0580525398254395,7.0580525398254395,0.0
SynprezFM_15:25 ANTHR SYN3,0.0,0.0,0.0
SynprezFM_15:26 BC/Clarnet,0.0,0.0,0.0
SynprezFM_15:27 SAXY,0.0,0.0,0.0
SynprezFM_15:28 Shami,0.0,0.0,0.0
SynprezFM_15:29 CARLOS NEW,9.813511848449707,9.813511848449707,0.0
SynprezFM_15:30 FEM. CHOI1,8.689506530761719,8.689506530761719,0.0
SynprezFM_15:31 AlarmClock,10.011053085327148,10.011053085327148,0.0
SynprezFM_16:00 E.GRAND 12,0.0,0.0,0.0
SynprezFM_16:01 Whistle.7,7.346155166625977,7.346155166625977,0.0
SynprezFM_16:02 BELL 4,0.0,0.0,0.0
SynprezFM_16:03 ALUMINUM,0.0,0.0,0.0
SynprezFM_16:04 T.ChimePPG,8.866305351257324,8.866305351257324,0.0
SynprezFM_16:05 ANALGSYN12,8.259419441223145,8.259419441223145,0.0
SynprezFM_16:06 LUTE,6.525607109069824,6.525607109069824,0.0
SynprezFM_16:07 GOQNRWAAP,3.9749982357025146,3.9749982357025146,0.0
SynprezFM_16:08 Bag Pipes,0.0,0.0,0.0
SynprezFM_16:09 E.PIA.R.T.,7.671111106872559,7.671111106872559,0.0
SynprezFM_16:10 FM-Bass 2,0.0,0.0,0.0
SynprezFM_16:11 PRETTY WAH,0.0,0.0,0.0
SynprezFM_16:12 TING VOIC2,0.0,0.0,0.0
SynprezFM_16:13 PPG VCE.#1,0.0,0.0,0.0
SynprezFM_16:14 REPUTATION,0.0,0.0,0.0
SynprezFM_16:15 stricker,0.0,0.0,0.0
SynprezFM_16:16 FM.Filters,0.0,0.0,0.0
SynprezFM_16:17 SHRINGING,8.961431503295898,5.908685207366943,0.0
SynprezFM_16:18 Jamaca,0.0,0.0,0.0
SynprezFM_16:19 SINGIN 19,7.785970687866211,7.785970687866211,0.0
SynprezFM_16:20 karimbotoe,0.0,0.0,0.0
SynprezFM_16:21 TineBoxEvo,9.530566215515137,9.530566215515137,0.0
SynprezFM_16:22 STRING-PNO,0.0,0.0,0.0
SynprezFM_16:23 Arc.Cello',0.0,0.0,0.0
SynprezFM_16:24 Snd Efx.12,0.0,0.0,0.0
SynprezFM_16:25 SYNVOXINE,8.95317268371582,8.95317268371582,0.0
SynprezFM_16:26 EMU-VOICES,0.0,0.0,0.0
SynprezFM_16:27 ONE FOUR2,0.0,0.0,0.0
SynprezFM_16:28 HARSH RHOD,0.0,0.0,0.0
SynprezFM_16:29 HARPSI I,0.0,0.0,0.0
SynprezFM_16:30 Mute SINES,0.0,0.0,0.0
SynprezFM_16:31 THE WORD,13.419072151184082,13.419072151184082,0.0
SynprezFM_17:00 *ac.Guit.1,0.0,0.0,0.0
SynprezFM_17:01 MetalStrng,0.0,0.0,0.0
SynprezFM_17:02 *Solo Pipe,0.0,0.0,0.0
SynprezFM_17:03 SakuSaku,5.1883649826049805,5.1883649826049805,0.0
SynprezFM_17:04 MIGHTY.MAN,5.902248382568359,5.902248382568359,0.0
SynprezFM_17:05 ENCOUNTERS,0.0,0.0,0.0
SynprezFM_17:06 STR PAD2,6.364163398742676,6.364163398742676,0.0
SynprezFM_17:07 Windchime2,8.469361305236816,6.9632568359375,0.0
SynprezFM_17:08 PIANOdrops,0.0,0.0,0.0
SynprezFM_17:09 A.PNO 17.3,0.0,0.0,0.0
SynprezFM_17:10 FanFare,12.393448829650879,12.393448829650879,0.0
SynprezFM_17:11 Orchi^Strg,3.576852560043335,3.576852560043335,0.0
SynprezFM_17:12 HORIZEN,0.0,0.0,0.0
SynprezFM_17:13 STEEL Q  A,7.595291614532471,7.595291614532471,0.0
SynprezFM_17:14 PPG-1,6.89048433303833,6.89048433303833,0.0
SynprezFM_17:15 PURPLE HRT,0.0,0.0,0.0
SynprezFM_17:16 AT&T- RING,4.474996089935303,4.474996089935303,0.0
SynprezFM_17:17 PiHp3.Av,0.0,0.0,0.0
SynprezFM_17:18 >SCRATCH<,0.0,0.0,0.0
SynprezFM_17:19 Harp-1  MS,0.0,0.0,0.0
SynprezFM_17:20 CELTIC HRP,0.0,0.0,0.0
SynprezFM_17:21 FIDLE   1,0.0,0.0,0.0
SynprezFM_17:22 HOHNER  1,0.0,0.0,0.0
SynprezFM_17:23 EPiano B,6.905174732208252,6.905174732208252,0.0
SynprezFM_17:24 GUIT PHAS2,5.913437366485596,5.913437366485596,0.0
SynprezFM_17:25 WetSynth,0.0,0.0,0.0
SynprezFM_17:26 GUITAR,0.0,0.0,0.0
SynprezFM_17:27 ANALOG PAD,0.0,0.0,0.0
SynprezFM_17:28 E BASS 8,0.0,0.0,0.0
SynprezFM_17:29 PushFluvo1,6.866192817687988,6.866192817687988,0.0
SynprezFM_17:30 MetlXprsvD,0.0,0.0,0.0
SynprezFM_17:31 GuitarDbl\,0.0,0.0,0.0
SynprezFM_18:00 dtunPiano,0.0,0.0,0.0
SynprezFM_18:01 DOORBELSS,7.282876014709473,7.282876014709473,0.0
SynprezFM_18:02 Pulsar,0.0,0.0,0.0
SynprezFM_18:03 *reverse,5.990383625030518,5.990383625030518,0.0
SynprezFM_18:04 'Aura !'HM,0.0,0.0,0.0
SynprezFM_18:05 Timbale  6,4.094110012054443,4.094110012054443,0.0
SynprezFM_18:06 dentistry!,0.0,0.0,0.0
SynprezFM_18:07 KotoVarms,7.653158664703369,7.653158664703369,0.0
SynprezFM_18:08 Celesta,0.0,0.0,0.0
SynprezFM_18:09 Strange,0.0,0.0,0.0
SynprezFM_18:10 SAPHIREpi2,9.02851676940918,9.02851676940918,0.0
SynprezFM_18:11 SPELECPIAN,0.0,0.0,0.0
SynprezFM_18:12 *E-Pia.Ens,9.595687866210938,9.595687866210938,0.0
SynprezFM_18:13 EpClique4\,0.0,0.0,0.0
SynprezFM_18:14 Freudian,0.0,0.0,0.0
SynprezFM_18:15 Slicktrik2,5.89404821395874,5.89404821395874,0.0
SynprezFM_18:16 *Ballerina,7.748785495758057,7.748785495758057,0.0
SynprezFM_18:17 COMPUTER 1,24.721736907958984,12.702554702758789,0.0
SynprezFM_18:18 Clave-Drum,0.0,0.0,0.0
SynprezFM_18:19 Zah,6.459091663360596,6.459091663360596,0.0
SynprezFM_18:20 CRICKETS,4.211475849151611,0.0,0.0
SynprezFM_18:21 MuzakBox.7,0.0,0.0,0.0
SynprezFM_18:22 TUBA 11,0.0,0.0,0.0
SynprezFM_18:23 I--X--I.13,0.0,0.0,0.0
SynprezFM_18:24 VOICE   2,6.8799357414245605,6.8799357414245605,0.0
SynprezFM_18:25 DIGI-TINES,0.0,0.0,0.0
SynprezFM_18:26 Van Halen,3.789541482925415,3.789541482925415,0.0
SynprezFM_18:27 Gotham4Eko,0.0,0.0,0.0
SynprezFM_18:28 Voz Nando,8.094881057739258,8.094881057739258,0.0
SynprezFM_18:29 MEAN 5ths,0.0,0.0,0.0
SynprezFM_18:30 AC.GTR  4,0.0,0.0,0.0
SynprezFM_18:31 Blocks,0.0,0.0,0.0
SynprezFM_19:00 FRANKIE,0.0,0.0,0.0
SynprezFM_19:01 THX 1138,0.0,0.0,0.0
SynprezFM_19:02 BlueDeluge,6.72230339050293,6.72230339050293,0.0
SynprezFM_19:03 \ORIENT 1\,0.0,0.0,0.0
SynprezFM_19:04 N.Y. 50,0.0,0.0,0.0
SynprezFM_19:05 AutoHi-Hat,0.0,0.0,0.0
SynprezFM_19:06 -ANALOG 1-,0.0,0.0,0.0
SynprezFM_19:07 DX Additv\,0.0,0.0,0.0
SynprezFM_19:08 Nightclub.,0.0,0.0,0.0
SynprezFM_19:09 surgwrmbr3,15.011038780212402,5.132177829742432,0.0
SynprezFM_19:10 JRY-BRASS3,0.0,0.0,0.0
SynprezFM_19:11 Dawn's,8.309718132019043,8.309718132019043,0.0
SynprezFM_19:12 ORIZON 216,0.0,0.0,0.0
SynprezFM_19:13 STG      3,13.386759757995605,13.386759757995605,0.0
SynprezFM_19:14 HALLS 1,0.0,0.0,0.0
SynprezFM_19:15 SeqSynth2,0.0,0.0,0.0
SynprezFM_19:16 SYN-LEAD 5,4.38486909866333,4.38486909866333,0.0
SynprezFM_19:17 FAT*CHIMES,6.681798934936523,6.681798934936523,0.0
SynprezFM_19:18 FM CHIMES,0.0,0.0,0.0
SynprezFM_19:19 SAWTOOTH .,0.0,0.0,0.0
SynprezFM_19:20 Midnight.2,0.0,0.0,0.0
SynprezFM_19:21 EchoPlunk,4.984922409057617,4.984922409057617,0.0
SynprezFM_19:22 HUSMRVAEP,0.0,0.0,0.0
SynprezFM_19:23 SliverAple,0.0,0.0,0.0
SynprezFM_19:24 Pizzicato2,0.0,0.0,0.0
SynprezFM_19:25 Fuphupppps,0.0,0.0,0.0
SynprezFM_19:26 *Orch.Viol,0.0,0.0,0.0
SynprezFM_19:27 KLARHEIT,0.0,0.0,0.0
SynprezFM_19:28 Mascerade,0.0,0.0,0.0
SynprezFM_19:29 HARPSI 4,0.0,0.0,0.0
SynprezFM_19:30 ANLOGBASS3,0.0,0.0,0.0
SynprezFM_19:31 ChimeClock,0.0,0.0,0.0
SynprezFM_20:00 U-Name-it3,12.341089248657227,12.341089248657227,0.0
SynprezFM_20:01 Wet.String,4.816975116729736,4.816975116729736,0.0
SynprezFM_20:02 AGOGO,0.0,0.0,0.0
SynprezFM_20:03 BASS    1,0.0,0.0,0.0
SynprezFM_20:04 FAIRLIGHT5,0.0,0.0,0.0
SynprezFM_20:05 Sitar.Soft,0.0,0.0,0.0
SynprezFM_20:06 NOKOGIRI 1,0.0,0.0,0.0
SynprezFM_20:07 QuenaWind2,0.0,0.0,0.0
SynprezFM_20:08 Revokoto,0.0,0.0,0.0
SynprezFM_20:09 HOLLOWMOOG,0.0,0.0,0.0
SynprezFM_20:10 GAMELAN 2,8.942054748535156,8.942054748535156,0.0
SynprezFM_20:11 CASIOP.PIA,0.0,0.0,0.0
SynprezFM_20:12 Out..Tune,0.0,0.0,0.0
SynprezFM_20:13 ECHO BELL,0.0,0.0,0.0
SynprezFM_20:14 Dynamic,0.0,0.0,0.0
SynprezFM_20:15 Energistic,8.422002792358398,8.422002792358398,0.0
SynprezFM_20:16 PICK GUITR,0.0,0.0,0.0
SynprezFM_20:17 Fat.2.Pqly,0.0,0.0,0.0
SynprezFM_20:18 AAPAAS,0.0,0.0,0.0
SynprezFM_20:19 COMBO KEYS,0.0,0.0,0.0
SynprezFM_20:20 SFT TOUCH2,0.0,0.0,0.0
SynprezFM_20:21 3INSECTS,0.0,0.0,0.0
SynprezFM_20:22 Carlos 2 \,9.014076232910156,9.014076232910156,0.0
SynprezFM_20:23 FemaleVc.9,6.675907135009766,6.675907135009766,0.0
SynprezFM_20:24 for you,13.645821571350098,13.645821571350098,0.0
SynprezFM_20:25 ROCK ORGAN,6.418711185455322,6.418711185455322,0.0
SynprezFM_20:26 ^Segovia.H,0.0,0.0,0.0
SynprezFM_20:27 BELLS 3,0.0,0.0,0.0
SynprezFM_20:28 E.GRAND 1,0.0,0.0,0.0
SynprezFM_20:29 JONESVIB?,0.0,0.0,0.0
SynprezFM_20:30 OK2CHORALE,11.578869819641113,11.578869819641113,0.0
SynprezFM_20:31 wavetermC,0.0,0.0,0.0
SynprezFM_21:00 St.Elmo's,5.693237781524658,5.693237781524658,0.0
SynprezFM_21:01 NIGHTVOICE,6.461032390594482,6.461032390594482,0.0
SynprezFM_21:02 CIGALES,53.24647903442383,53.24647903442383,0.0
SynprezFM_21:03 Wilde Bass,0.0,0.0,0.0
SynprezFM_21:04 METALBORD,0.0,0.0,0.0
SynprezFM_21:05 60-S ORGAN,0.0,0.0,0.0
SynprezFM_21:06 METAL DR 2,0.0,0.0,0.0
SynprezFM_21:07 MS-20 BASS,0.0,0.0,0.0
SynprezFM_21:08 Harmonica7,4.228110313415527,4.228110313415527,0.0
SynprezFM_21:09 HORRORoofs,11.63117504119873,11.63117504119873,0.0
SynprezFM_21:10 POPCORN B,0.0,0.0,0.0
SynprezFM_21:11 *PPG*Vol.3,9.664198875427246,9.664198875427246,0.0
SynprezFM_21:12 EleGuit.1M,6.797225475311279,6.797225475311279,0.0
SynprezFM_21:13 MUSETTE,0.0,0.0,0.0
SynprezFM_21:14 > PPGCLAV4,7.610590934753418,7.610590934753418,0.0
SynprezFM_21:15 <Flute.13>,6.270768165588379,6.270768165588379,0.0
SynprezFM_21:16 Ring3thing,0.0,0.0,0.0
SynprezFM_21:17 HarpDocBok,7.315047740936279,7.315047740936279,0.0
SynprezFM_21:18 *Clockwork,0.0,0.0,0.0
SynprezFM_21:19 *Kurzweil2,0.0,0.0,0.0
SynprezFM_21:20 BigScore,4.314650058746338,4.314650058746338,0.0
SynprezFM_21:21 Fuller 919,4.818906784057617,4.818906784057617,0.0
SynprezFM_21:22 Clavinet,0.0,0.0,0.0
SynprezFM_21:23 MetalBanjo,0.0,0.0,0.0
SynprezFM_21:24 PERKY   06,6.297952651977539,6.297952651977539,0.0
SynprezFM_21:25 WHASAR   2,12.067750930786133,12.067750930786133,0.0
SynprezFM_21:26 SilliTHUMP,0.0,0.0,0.0
SynprezFM_21:27 IN THE AIR,8.609261512756348,8.609261512756348,0.0
SynprezFM_21:28 Chroma.8,0.0,0.0,0.0
SynprezFM_21:29 SOUVENIR,0.0,0.0,0.0
SynprezFM_21:30 106STRINGS,0.0,0.0,0.0
SynprezFM_21:31 MFAcouETyb,0.0,0.0,0.0
SynprezFM_22:00 PLUKSUSTN,0.0,0.0,0.0
SynprezFM_22:01 FAIRLIGHT,4.584489345550537,4.584489345550537,0.0
SynprezFM_22:02 HAND CLAPS,0.0,0.0,0.0
SynprezFM_22:03 CLAV.TOOTS,0.0,0.0,0.0
SynprezFM_22:04 CASCADE,0.0,0.0,0.0
SynprezFM_22:05 SampleSqr2,9.494348526000977,9.494348526000977,0.0
SynprezFM_22:06 DEREGLE,0.0,0.0,0.0
SynprezFM_22:07 B.DRM-SNAR,0.0,0.0,0.0
SynprezFM_22:08 Farf Out 2,0.0,0.0,0.0
SynprezFM_22:09 Rock=Guit1,0.0,0.0,0.0
SynprezFM_22:10 ELEPHANT 1,0.0,0.0,0.0
SynprezFM_22:11 Strings.#8,0.0,0.0,0.0
SynprezFM_22:12 STRAT,0.0,0.0,0.0
SynprezFM_22:13 MR.HOBART,7.221131801605225,7.221131801605225,0.0
SynprezFM_22:14 REVERBLAND,6.961179733276367,6.961179733276367,0.0
SynprezFM_22:15 Jackals,0.0,0.0,0.0
SynprezFM_22:16 SCORE 1--,4.272821426391602,4.272821426391602,0.0
SynprezFM_22:17 ORGAN   -,0.0,0.0,0.0
SynprezFM_22:18 StarGalaxy,0.0,0.0,0.0
SynprezFM_22:19 SftEko ]/\,6.221804141998291,6.221804141998291,0.0
SynprezFM_22:20 Git Strad,7.633437633514404,7.633437633514404,0.0
SynprezFM_22:21 bass punch,0.0,0.0,0.0
SynprezFM_22:22 SHIYAMISEN,0.0,0.0,0.0
SynprezFM_22:23 strikerbrs,0.0,0.0,0.0
SynprezFM_22:24 strikerpi3,0.0,0.0,0.0
SynprezFM_22:25 AmbiSYNTH1,0.0,0.0,0.0
SynprezFM_22:26 EPIANO 10,0.0,0.0,0.0
SynprezFM_22:27 ORCHESTRAL,10.063414573669434,10.063414573669434,0.0
SynprezFM_22:28 genesis  1,0.0,0.0,0.0
SynprezFM_22:29 SOFT TOUCH,6.77754545211792,6.77754545211792,0.0
SynprezFM_22:30 OB String2,7.955286979675293,7.955286979675293,0.0
SynprezFM_22:31 OLD B-3 !!,0.0,0.0,0.0
SynprezFM_23:00 FluvPush2\,6.778879642486572,6.778879642486572,0.0
SynprezFM_23:01 DISTORTION,0.0,0.0,0.0
SynprezFM_23:02 *Metallfon,0.0,0.0,0.0
SynprezFM_23:03 {{Harp.B}},0.0,0.0,0.0
SynprezFM_23:04 *Backline2,0.0,0.0,0.0
SynprezFM_23:05 PPG SYN 2,0.0,0.0,0.0
SynprezFM_23:06 STEVI CLAV,0.0,0.0,0.0
SynprezFM_23:07 F LOID,0.0,0.0,0.0
SynprezFM_23:08 olympus,0.0,0.0,0.0
SynprezFM_23:09 SYNBAROQ,0.0,0.0,0.0
SynprezFM_23:10 'Airy',0.0,0.0,0.0
SynprezFM_23:11 starStrg 2,0.0,0.0,0.0
SynprezFM_23:12 ChopperBas,0.0,0.0,0.0
SynprezFM_23:13 glockree,0.0,0.0,0.0
SynprezFM_23:14 SqrEcho.2,0.0,0.0,0.0
SynprezFM_23:15 SilverHarp,0.0,0.0,0.0
SynprezFM_23:16 Perky   03,0.0,0.0,0.0
SynprezFM_23:17 RHODES PAD,0.0,0.0,0.0
SynprezFM_23:18 FazeGuit.3,0.0,0.0,0.0
SynprezFM_23:19 WATERFALL2,17.961606979370117,17.961606979370117,0.0
SynprezFM_23:20 <Pluk>   ,6.090538024902344,6.090538024902344,0.0
SynprezFM_23:21 MOTORCYCLE,0.0,0.0,0.0
SynprezFM_23:22 ACCORDEON,0.0,0.0,0.0
SynprezFM_23:23 AnalogSqr1,0.0,0.0,0.0
SynprezFM_23:24 PpgSyn8,0.0,0.0,0.0
SynprezFM_23:25 ArcticKeys,0.0,0.0,0.0
SynprezFM_23:26 CLAVINET 5,0.0,0.0,0.0
SynprezFM_23:27 ELECHARPSI,0.0,0.0,0.0
SynprezFM_23:28 D.B--WAHH,4.698638439178467,4.698638439178467,0.0
SynprezFM_23:29 ^Water^,5.746908187866211,5.746908187866211,0.0
SynprezFM_23:30 'Bamboo'HM,5.897146701812744,5.897146701812744,0.0
SynprezFM_23:31 CentrStars,0.0,0.0,0.0
SynprezFM_24:00 LightsPluk,0.0,0.0,0.0
SynprezFM_24:01 SYN-ORCH,7.761778831481934,7.761778831481934,0.0
SynprezFM_24:02 DX Intro,4.766221523284912,4.766221523284912,0.0
SynprezFM_24:03 Next day,8.896050453186035,8.896050453186035,0.0
SynprezFM_24:04 Dyno*Piano,0.0,0.0,0.0
SynprezFM_24:05 OctiLate,0.0,0.0,0.0
SynprezFM_24:06 PPG 6,0.0,0.0,0.0
SynprezFM_24:07 PpG-Strat.,0.0,0.0,0.0
SynprezFM_24:08 Shaker,0.0,0.0,0.0
SynprezFM_24:09 -=]V[=-  5,0.0,0.0,0.0
SynprezFM_24:10 K.CLARI. 1,6.327401161193848,6.327401161193848,0.0
SynprezFM_24:11 Bellstrad,10.077933311462402,10.077933311462402,0.0
SynprezFM_24:12 elkaRhrapy,7.988217830657959,7.988217830657959,0.0
SynprezFM_24:13 SWISSCLOCK,12.138469696044922,12.138469696044922,0.0
SynprezFM_24:14 TineChimes,0.0,0.0,0.0
SynprezFM_24:15 Lunar.Bell,0.0,0.0,0.0
SynprezFM_24:16 ElctSaxd,0.0,0.0,0.0
SynprezFM_24:17 EtherharpA,12.044471740722656,12.044471740722656,0.0
SynprezFM_24:18 Xylophone3,0.0,0.0,0.0
SynprezFM_24:19 BELLS,6.2697834968566895,0.0,0.0
SynprezFM_24:20 KickDrm.3,0.0,0.0,0.0
SynprezFM_24:21 LynnsGhost,0.0,0.0,0.0
SynprezFM_24:22 Rasppy Sax,0.0,0.0,0.0
SynprezFM_24:23 SPA 6 AV,0.0,0.0,0.0
SynprezFM_24:24 DULCIMER,0.0,0.0,0.0
SynprezFM_24:25 Spacebird3,6.77542781829834,6.77542781829834,0.0
SynprezFM_24:26 FLANGEBASS,0.0,0.0,0.0
SynprezFM_24:27 FREGNA MAX,4.136669158935547,4.136669158935547,0.0
SynprezFM_24:28 IAIDA,0.0,0.0,0.0
SynprezFM_24:29 SAMBA WHIS,0.0,0.0,0.0
SynprezFM_24:30 OffTheWall,0.0,0.0,0.0
SynprezFM_24:31 BS/String7,8.723655700683594,8.723655700683594,0.0
SynprezFM_25:00 '3d-OboeHM,0.0,0.0,0.0
SynprezFM_25:01 Vel.Trump,7.648528099060059,7.648528099060059,0.0
SynprezFM_25:02 JUNGLEDRUM,0.0,0.0,0.0
SynprezFM_25:03 MELO-TONE7,0.0,0.0,0.0
SynprezFM_25:04 B.DR.LO-F,0.0,0.0,0.0
SynprezFM_25:05 TUB-ECHO,0.0,0.0,0.0
SynprezFM_25:06 PrprdPian\,0.0,0.0,0.0
SynprezFM_25:07 anobrass,0.0,0.0,0.0
SynprezFM_25:08 Castenet,0.0,0.0,0.0
SynprezFM_25:09 PLAN.ICE A,8.443279266357422,8.443279266357422,0.0
SynprezFM_25:10 E.ORGAN 1A,0.0,0.0,0.0
SynprezFM_25:11 CANTORAH,0.0,0.0,0.0
SynprezFM_25:12 ^Ouygue2,6.176012992858887,6.176012992858887,0.0
SynprezFM_25:13 Swirls,0.0,0.0,0.0
SynprezFM_25:14 PlectraSyn,13.069706916809082,13.069706916809082,0.0
SynprezFM_25:15 *Ensemble3,7.077941417694092,7.077941417694092,0.0
SynprezFM_25:16 KnockRoad,0.0,0.0,0.0
SynprezFM_25:17 TAIKO-1,0.0,0.0,0.0
SynprezFM_25:18 PIA.BASTR.,0.0,0.0,0.0
SynprezFM_25:19 Hair-kr MS,4.983945846557617,4.983945846557617,0.0
SynprezFM_25:20 WHAT .....,0.0,0.0,0.0
SynprezFM_25:21 A SOUND,5.494146347045898,5.494146347045898,0.0
SynprezFM_25:22 RIKNBAKR.1,0.0,0.0,0.0
SynprezFM_25:23 StubesBS3,0.0,0.0,0.0
SynprezFM_25:24 EUROPA <AT,0.0,0.0,0.0
SynprezFM_25:25 BagPipes.8,11.389963150024414,0.0,0.0
SynprezFM_25:26 Noel or23,0.0,0.0,0.0
SynprezFM_25:27 moonchild3,0.0,0.0,0.0
SynprezFM_25:28 BELLA.,0.0,0.0,0.0
SynprezFM_25:29 Clavinet 1,0.0,0.0,0.0
SynprezFM_25:30 498 2881,0.0,0.0,0.0
SynprezFM_25:31 Rockout,8.39477825164795,8.39477825164795,0.0
SynprezFM_26:00 SOLO  CLAV,0.0,0.0,0.0
SynprezFM_26:01 Strum Harp,0.0,0.0,0.0
SynprezFM_26:02 Aluminum,0.0,0.0,0.0
SynprezFM_26:03 kirakira,0.0,0.0,0.0
SynprezFM_26:04 ATAK16 PNO,7.373485565185547,7.373485565185547,0.0
SynprezFM_26:05 HaHa Voice,6.8609418869018555,6.8609418869018555,0.0
SynprezFM_26:06 ACEND VOIC,8.356411933898926,8.356411933898926,0.0
SynprezFM_26:07 ARIANE 3,7.949891567230225,7.949891567230225,0.0
SynprezFM_26:08 CMI III,9.759418487548828,9.759418487548828,0.0
SynprezFM_26:09 Dolby.Pppg,0.0,0.0,0.0
SynprezFM_26:10 OrganEyes\,0.0,0.0,0.0
SynprezFM_26:11 TELECASTER,0.0,0.0,0.0
SynprezFM_26:12 AI dingle,0.0,0.0,0.0
SynprezFM_26:13 LFO SWEEP,3.7602264881134033,3.7602264881134033,0.0
SynprezFM_26:14 OSCAR BASS,0.0,0.0,0.0
SynprezFM_26:15 Flute wx 2,0.0,0.0,0.0
SynprezFM_26:16 LABO,9.865294456481934,9.865294456481934,0.0
SynprezFM_26:17 CHIF-CHAF,0.0,0.0,0.0
SynprezFM_26:18 BrightStr4,6.273180961608887,6.273180961608887,0.0
SynprezFM_26:19 CALYPSO,8.308773040771484,8.308773040771484,0.0
SynprezFM_26:20 WOOD BLOCK,0.0,0.0,0.0
SynprezFM_26:21 WESTMIN-JH,0.0,0.0,0.0
SynprezFM_26:22 SnapBass~4,6.42901086807251,6.42901086807251,0.0
SynprezFM_26:23 LIMONAIRE,0.0,0.0,0.0
SynprezFM_26:24 LucyInTSky,10.461153984069824,10.461153984069824,0.0
SynprezFM_26:25 V        V,0.0,0.0,0.0
SynprezFM_26:26 PICKGUITAR,0.0,0.0,0.0
SynprezFM_26:27 BRASS STR1,0.0,0.0,0.0
SynprezFM_26:28 syn-steel,0.0,0.0,0.0
SynprezFM_26:29 BELLA 5,0.0,0.0,0.0
SynprezFM_26:30 RandomNots,2.730556011199951,0.0,0.0
SynprezFM_26:31 WORRY,9.42101764678955,9.42101764678955,0.0
SynprezFM_27:00 RELAXING,4.525245189666748,4.525245189666748,0.0
SynprezFM_27:01 Ep.Clique\,0.0,0.0,0.0
SynprezFM_27:02 SoftOrgan,0.0,0.0,0.0
SynprezFM_27:03 KITARO,0.0,0.0,0.0
SynprezFM_27:04 Abe Moog 8,0.0,0.0,0.0
SynprezFM_27:05 W/C3Delay1,0.0,0.0,0.0
SynprezFM_27:06 Fairlyte1b,6.924561977386475,6.924561977386475,0.0
SynprezFM_27:07 MultiSinth,0.0,0.0,0.0
SynprezFM_27:08 SilverDblf,0.0,0.0,0.0
SynprezFM_27:09 KLOKKEN,0.0,0.0,0.0
SynprezFM_27:10 EchoVoice6,0.0,0.0,0.0
SynprezFM_27:11 4fastreps,0.0,0.0,0.0
SynprezFM_27:12 Raul.Voize,7.691720008850098,7.691720008850098,0.0
SynprezFM_27:13 NegiToro/\,0.0,0.0,0.0
SynprezFM_27:14 E-MU.II,9.198332786560059,9.198332786560059,0.0
SynprezFM_27:15 AirheadBas,0.0,0.0,0.0
SynprezFM_27:16 Clav.Mod,0.0,0.0,0.0
SynprezFM_27:17 BS/Piano13,0.0,0.0,0.0
SynprezFM_27:18 SyncTwice,0.0,0.0,0.0
SynprezFM_27:19 MYSTERY555,0.0,0.0,0.0
SynprezFM_27:20 GLOCK-BOX,0.0,0.0,0.0
SynprezFM_27:21 SYNHARPS A,7.639411926269531,7.639411926269531,0.0
SynprezFM_27:22 ARM  PAD 1,5.629193305969238,5.629193305969238,0.0
SynprezFM_27:23 PIPE ORGAN,0.0,0.0,0.0
SynprezFM_27:24 <I> Choir,4.478331565856934,4.478331565856934,0.0
SynprezFM_27:25 KURZWIEL,9.336758613586426,9.336758613586426,0.0
SynprezFM_27:26 DAVE KOTO,0.0,0.0,0.0
SynprezFM_27:27 DIG.ORGAN1,13.368860244750977,13.368860244750977,0.0
SynprezFM_27:28 Harmonium2,0.0,0.0,0.0
SynprezFM_27:29 CHIMEORGAN,0.0,0.0,0.0
SynprezFM_27:30 StratocaMS,1.9798345565795898,1.9798345565795898,0.0
SynprezFM_27:31 'Sphere'HM,0.0,0.0,0.0
SynprezFM_28:00 HolloPino\,0.0,0.0,0.0
SynprezFM_28:01 EVE 9,0.0,0.0,0.0
SynprezFM_28:02 SteelHarm2,0.0,0.0,0.0
SynprezFM_28:03 SmoothEdit,0.0,0.0,0.0
SynprezFM_28:04 CastePiano,6.5674662590026855,6.5674662590026855,0.0
SynprezFM_28:05 ECHO,9.516486167907715,9.516486167907715,0.0
SynprezFM_28:06 GodFather,4.13098669052124,4.13098669052124,0.0
SynprezFM_28:07 Elec.Body2,0.0,0.0,0.0
SynprezFM_28:08 JUNO 106 4,10.101378440856934,10.101378440856934,0.0
SynprezFM_28:09 M.CHORUS 4,0.0,0.0,0.0
SynprezFM_28:10 ECHOMALLET,0.0,0.0,0.0
SynprezFM_28:11 LES LIES..,5.8789262771606445,5.8789262771606445,0.0
SynprezFM_28:12 Brokers MS,0.0,0.0,0.0
SynprezFM_28:13 155Sec.efx,4.0715179443359375,4.076099395751953,0.0
SynprezFM_28:14 HOHNER-D6,0.0,0.0,0.0
SynprezFM_28:15 BACH ORGAN,6.364758014678955,6.364758014678955,0.0
SynprezFM_28:16 ETH. STAB,0.0,0.0,0.0
SynprezFM_28:17 Dis CL-Pno,5.266354560852051,5.266354560852051,0.0
SynprezFM_28:18 FleurD.Li2,10.808204650878906,10.808204650878906,0.0
SynprezFM_28:19 D50SndtrkB,7.080105781555176,7.080105781555176,0.0
SynprezFM_28:20 ORGAMONIUM,0.0,0.0,0.0
SynprezFM_28:21 Chor.Vibes,4.880838394165039,4.880838394165039,0.0
SynprezFM_28:22 HARDRAUQUE,0.0,0.0,0.0
SynprezFM_28:23 DeepSpace,0.0,0.0,0.0
SynprezFM_28:24 CLARINEXUS,6.639768600463867,6.639768600463867,0.0
SynprezFM_28:25 LYLE MAYS,5.403236389160156,5.403236389160156,0.0
SynprezFM_28:26 Andromeda,6.9723429679870605,6.9723429679870605,0.0
SynprezFM_28:27 MerryGoRnd,7.215330600738525,7.215330600738525,0.0
SynprezFM_28:28 PIANO,0.0,0.0,0.0
SynprezFM_28:29 WURLITZER,0.0,0.0,0.0
SynprezFM_28:30 QUARTET  4,7.622720241546631,7.622720241546631,0.0
SynprezFM_28:31 OOH AHH EE,5.325969219207764,5.325969219207764,0.0
SynprezFM_29:00 D drone,0.0,0.0,0.0
SynprezFM_29:01 ARPEDGer,0.0,0.0,0.0
SynprezFM_29:02 SYNTH ENS2,8.46505069732666,8.46505069732666,0.0
SynprezFM_29:03 DOUBLE  4,0.0,0.0,0.0
SynprezFM_29:04 CELLI,7.536081314086914,7.536081314086914,0.0
SynprezFM_29:05 THE WORD2,7.697700500488281,7.697700500488281,0.0
SynprezFM_29:06 STEAM ORGN,11.872001647949219,0.0,0.0
SynprezFM_29:07 Squares 1,8.496696472167969,8.496696472167969,0.0
SynprezFM_29:08 Phasers,0.0,0.0,0.0
SynprezFM_29:09 FSHRWHISTL,0.0,0.0,0.0
SynprezFM_29:10 SYN.BRA. 3,6.698279857635498,6.698279857635498,0.0
SynprezFM_29:11 Pylos Synh,11.296061515808105,11.296061515808105,0.0
SynprezFM_29:12 ENV-KOTO,7.655807018280029,7.655807018280029,0.0
SynprezFM_29:13 SPACE WAR,6.209386825561523,6.209386825561523,0.0
SynprezFM_29:14 gong sorta,0.0,0.0,0.0
SynprezFM_29:15 GelbJack,0.0,0.0,0.0
SynprezFM_29:16 {Celest.1},0.0,0.0,0.0
SynprezFM_29:17 HYPER SQR1,5.6159844398498535,5.6159844398498535,0.0
SynprezFM_29:18 BR TRUMPET,6.266017436981201,6.266017436981201,0.0
SynprezFM_29:19 LFORez5th\,10.239141464233398,10.239141464233398,0.0
SynprezFM_29:20 XYLO 2,0.0,0.0,0.0
SynprezFM_29:21 COWBELL,0.0,0.0,0.0
SynprezFM_29:22 WEIRD,0.0,0.0,0.0
SynprezFM_29:23 Downstairs,0.0,0.0,0.0
SynprezFM_29:24 HYMNES KB,4.959375381469727,4.959375381469727,0.0
SynprezFM_29:25 CARGO HULL,0.0,0.0,0.0
SynprezFM_29:26 PICKI*SYN,8.069427490234375,8.069427490234375,0.0
SynprezFM_29:27 Doink,0.0,0.0,0.0
SynprezFM_29:28 ChiffSynth,0.0,0.0,0.0
SynprezFM_29:29 FERROCHINA,0.0,0.0,0.0
SynprezFM_29:30 spaceShime,0.0,0.0,0.0
SynprezFM_29:31 ALGOMOOG,7.373642444610596,7.373642444610596,0.0
SynprezFM_30:00 EXPAN. A06,0.0,0.0,0.0
SynprezFM_30:01 ----LEAD--,6.666775703430176,6.666775703430176,0.0
SynprezFM_30:02 MOOG 8A,6.58073091506958,6.58073091506958,0.0
SynprezFM_30:03 BRONZE,0.0,0.0,0.0
SynprezFM_30:04 PULL-OFF,0.0,0.0,0.0
SynprezFM_30:05 *Octavian,8.981557846069336,8.981557846069336,0.0
SynprezFM_30:06 STACCATO,0.0,0.0,0.0
SynprezFM_30:07 Industrial,9.380398750305176,9.380398750305176,0.0
SynprezFM_30:08 SYN.SITAR,11.838128089904785,11.838128089904785,0.0
SynprezFM_30:09 Pliadies,0.0,0.0,0.0
SynprezFM_30:10 Triangles1,0.0,0.0,0.0
SynprezFM_30:11 HORSE 2 JH,7.5604939460754395,7.5604939460754395,0.0
SynprezFM_30:12 DBL.HARP B,0.0,0.0,0.0
SynprezFM_30:13 SynthOrch,7.421209335327148,7.421209335327148,0.0
SynprezFM_30:14 BellsBills,0.0,0.0,0.0
SynprezFM_30:15 Angry=Gods,0.0,0.0,0.0
SynprezFM_30:16 Gars.Vce1,0.0,0.0,0.0
SynprezFM_30:17 ElecPian12,0.0,0.0,0.0
SynprezFM_30:18 Air---*--3,7.778036594390869,7.778036594390869,0.0
SynprezFM_30:19 HONKY-TONK,0.0,0.0,0.0
SynprezFM_30:20 OZ,8.155035018920898,8.155035018920898,0.0
SynprezFM_30:21 Space*bell,7.212342262268066,7.212342262268066,0.0
SynprezFM_30:22 MARIMBA 2,0.0,0.0,0.0
SynprezFM_30:23 Ricks.Clav,0.0,0.0,0.0
SynprezFM_30:24 LivDngsly,0.0,0.0,0.0
SynprezFM_30:25 GostHiway1,5.093843460083008,5.093843460083008,0.0
SynprezFM_30:26 Chor.Clavi,0.0,0.0,0.0
SynprezFM_30:27 Fantasia5b,10.377654075622559,10.377654075622559,0.0
SynprezFM_30:28 NEW BELLS,0.0,0.0,0.0
SynprezFM_30:29 GRANDPIANO,0.0,0.0,0.0
SynprezFM_30:30 clickNebul,8.039974212646484,0.0,0.0
SynprezFM_30:31 TEMPEL.,10.434819221496582,10.434819221496582,0.0
SynprezFM_31:00 TENJIKU,0.0,0.0,0.0
SynprezFM_31:01 ABRAXAS,10.145517349243164,10.145517349243164,0.0
SynprezFM_31:02 WONDER,0.0,0.0,0.0
SynprezFM_31:03 ELEC HARP,0.0,0.0,0.0
SynprezFM_31:04 grilloelc1,9.57744026184082,6.792171955108643,0.0
SynprezFM_31:05 Lute  2,0.0,0.0,0.0
SynprezFM_31:06 AnnaBriTEB,0.0,0.0,0.0
SynprezFM_31:07 Harpsitar,0.0,0.0,0.0
SynprezFM_31:08 OXONAL,7.9258294105529785,7.9258294105529785,0.0
SynprezFM_31:09 ChurchPipe,0.0,0.0,0.0
SynprezFM_31:10 SYNC.CLAV2,0.0,0.0,0.0
SynprezFM_31:11 Shim pi,0.0,0.0,0.0
SynprezFM_31:12 E.PIANO 11,0.0,0.0,0.0
SynprezFM_31:13 OTHERMBIRA,0.0,0.0,0.0
SynprezFM_31:14 CASTENETS,0.0,0.0,0.0
SynprezFM_31:15 Revers2,0.0,0.0,0.0
SynprezFM_31:16 FiltSqrLFO,12.929614067077637,12.929614067077637,0.0
SynprezFM_31:17 60-S ORG.3,0.0,0.0,0.0
SynprezFM_31:18 GAMELAN 1,6.940217971801758,6.940217971801758,0.0
SynprezFM_31:19 ELEC GRAND,0.0,0.0,0.0
SynprezFM_31:20 FLUTE4THS,7.143424034118652,7.143424034118652,0.0
SynprezFM_31:21 MUTEGUIT 2,0.0,0.0,0.0
SynprezFM_31:22 Pluk.Angel,0.0,0.0,0.0
SynprezFM_31:23 BuzySignal,0.0,0.0,0.0
SynprezFM_31:24 AFT GRUNGE,0.0,0.0,0.0
SynprezFM_31:25 KARIMBA,0.0,0.0,0.0
SynprezFM_31:26 EBassBell,0.0,0.0,0.0
SynprezFM_31:27 JAZZFLUTE ,6.784390449523926,6.784390449523926,0.0
SynprezFM_31:28 BEAMER 9,0.0,0.0,0.0
SynprezFM_31:29 NICE STRGS,7.356184482574463,7.356184482574463,0.0
SynprezFM_31:30 Nebula,0.0,0.0,0.0
SynprezFM_31:31 *PPG*Vol.5,8.391093254089355,8.391093254089355,0.0
SynprezFM_32:00 Slow.Cello,0.0,0.0,0.0
SynprezFM_32:01 *BCwhisper,7.301915168762207,7.301915168762207,0.0
SynprezFM_32:02 - Klunk -,8.77070426940918,8.77070426940918,0.0
SynprezFM_32:03 SYN. VOX 2,6.714177131652832,6.714177131652832,0.0
SynprezFM_32:04 SLEDGE FLT,7.067009449005127,7.067009449005127,0.0
SynprezFM_32:05 SamplPluck,5.818526744842529,5.818526744842529,0.0
SynprezFM_32:06 Fantasy.1,0.0,0.0,0.0
SynprezFM_32:07 <E Guit 3>,0.0,0.0,0.0
SynprezFM_32:08 Jessie's G,14.582780838012695,14.582780838012695,0.0
SynprezFM_32:09 %ENSEMBLE4,8.003090858459473,8.003090858459473,0.0
SynprezFM_32:10 SMPL.EKOBL,0.0,0.0,0.0
SynprezFM_32:11 XMAS BELLS,0.0,0.0,0.0
SynprezFM_32:12 Glissando,14.532999992370605,14.532999992370605,0.0
SynprezFM_32:13 SYN-MALLET,7.082511901855469,7.082511901855469,0.0
SynprezFM_32:14 Ice Cube B,11.839056968688965,11.839056968688965,0.0
SynprezFM_32:15 FunkClav.4,0.0,0.0,0.0
SynprezFM_32:16 BRASS  12,6.02885103225708,6.02885103225708,0.0
SynprezFM_32:17 PI-3.14R0D,0.0,0.0,0.0
SynprezFM_32:18 BackSuir 1,6.065948009490967,6.065948009490967,0.0
SynprezFM_32:19 MuzakBachs,8.219125747680664,0.0,0.0
SynprezFM_32:20 ORGUBRASS,0.0,0.0,0.0
SynprezFM_32:21 TIMBRE  01,0.0,0.0,0.0
SynprezFM_32:22 Galaxy,0.0,0.0,0.0
SynprezFM_32:23 Tamboura 4,0.0,0.0,0.0
SynprezFM_32:24 MetalXylo,0.0,0.0,0.0
SynprezFM_32:25 JANE,7.343319892883301,7.343319892883301,0.0
SynprezFM_32:26 Bass.Stank,0.0,0.0,0.0
SynprezFM_32:27 CELESTE,0.0,0.0,0.0
SynprezFM_32:28 TECH PULSE,24.371570587158203,24.371570587158203,0.0
SynprezFM_32:29 FmPiano.03,0.0,0.0,0.0
SynprezFM_32:30 CHIF FLUTE,0.0,0.0,0.0
SynprezFM_32:31 TopnTetrgl,0.21929322183132172,0.21929322183132172,0.0
